Target page,Incoming links,Linking sites
https://www.bodilicious.in/products/matt-liquid-lipstick,21,1
https://www.bodilicious.in/products/smooth-hair-banana-shampoo,17,2
https://www.bodilicious.in/products/spf50-physical-sunscreen,8,2
https://www.bodilicious.in/products/beetroot-lip-balm,7,2
https://www.bodilicious.in/,3,3
https://www.bodilicious.in/blogs/news/liquid-shield-for-the-skin-why-liquid-sunscreen-is-taking-over,3,3
https://www.bodilicious.in/products/hair-strengthening-milk-protein-shampoo,3,1
https://www.bodilicious.in/products/neem-green-tea-extracts-rich-salicylic-acid-serum,3,1
https://www.bodilicious.in/products/organic-goat-milk-soap,3,2
https://www.bodilicious.in/products/tnw-antiacne-face-wash,3,1
https://www.bodilicious.in/products/ultimate-uv-defense-sunscreen-lip-balm,3,1
https://www.bodilicious.in/products/anti-bacterial-underarm-soap,2,2
https://www.bodilicious.in/products/avobenzone-rich-liquid-sunscreen,2,2
https://www.bodilicious.in/products/cleansing-balm,2,2
https://www.bodilicious.in/blogs/news,1,1
https://www.bodilicious.in/blogs/news/7-benefits-of-choosing-bodilicious-s-niacinamide-face-serum,1,1
https://www.bodilicious.in/blogs/news/7-benefits-of-goat-milk-soap-for-your-skin,1,1
https://www.bodilicious.in/blogs/news/achieve-flawless-skin-with-peptide-ceramide-collagen-moisturizer,1,1
https://www.bodilicious.in/blogs/news/beetroot-lip-balm-a-colorful-solution-for-chapped-lips,1,1
https://www.bodilicious.in/blogs/news/best-face-serum-for-indian-skin-tone-people,1,1
https://www.bodilicious.in/blogs/news/best-way-to-use-a-serum-under-makeup,1,1
https://www.bodilicious.in/blogs/news/blossom-into-radiance-with-bodilicious-rose-face-and-body-wash,1,1
https://www.bodilicious.in/blogs/news/buy-natural-cosmetics-products-online-in-chennai,1,1
https://www.bodilicious.in/blogs/news/eliminate-underarm-odor-easy-with-the-science-based-soap,1,1
https://www.bodilicious.in/blogs/news/experience-the-luxurious-touch-of-nature-with-the-ashwagandha-shampoo-bar,1,1
https://www.bodilicious.in/blogs/news/how-necessary-is-a-serum-for-a-nighttime-skincare-routine,1,1
https://www.bodilicious.in/blogs/news/meet-your-summer-skin-friend-bodilicious-physical-sunscreen,1,1
https://www.bodilicious.in/blogs/news/nourish-and-strengthen-your-hair-with-bodiliciouss-keratine-serum,1,1
https://www.bodilicious.in/blogs/news/organic-skin-care-products-in-chennai,1,1
https://www.bodilicious.in/blogs/news/protect-and-pamper-your-lips-with-bodilicious-sunscreen-lip-balm,1,1
https://www.bodilicious.in/blogs/news/say-hello-to-new-hair-with-bodilicious-s-baby-hair-growth-serum,1,1
https://www.bodilicious.in/blogs/news/step-into-the-spotlight-with-bodilicious-s-kojic-glycolic-face-wash,1,1
https://www.bodilicious.in/blogs/news/step-into-the-sunshine-with-confidence-using-bodilicious-liquid-sunscreen,1,1
https://www.bodilicious.in/blogs/news/top-8-benefits-of-using-an-organic-face-serum-in-2023,1,1
https://www.bodilicious.in/blogs/news/unlock-radiance-repair-the-power-of-coenzyme-q10-pdrn-you-need-to-know,1,1
https://www.bodilicious.in/blogs/news/what-causes-breakouts-in-summer,1,1
https://www.bodilicious.in/collections/acne-prone-skin-care,1,1
https://www.bodilicious.in/collections/conditioner,1,1
https://www.bodilicious.in/collections/evening-skin-care-serums,1,1
https://www.bodilicious.in/collections/eyecare,1,1
https://www.bodilicious.in/collections/face,1,1
https://www.bodilicious.in/collections/foundation,1,1
https://www.bodilicious.in/collections/hair-care,1,1
https://www.bodilicious.in/collections/haircare-shampoo,1,1
https://www.bodilicious.in/collections/lipcare,1,1
https://www.bodilicious.in/collections/makeup-foundation,1,1
https://www.bodilicious.in/collections/shop-all,1,1
https://www.bodilicious.in/collections/skin-care,1,1
https://www.bodilicious.in/collections/soap,1,1
https://www.bodilicious.in/collections/sunscreen,1,1
https://www.bodilicious.in/collections/todays-deal,1,1
https://www.bodilicious.in/pages/about-us,1,1
https://www.bodilicious.in/pages/brand-story,1,1
https://www.bodilicious.in/pages/contact-us,1,1
https://www.bodilicious.in/pages/privacy-policy,1,1
https://www.bodilicious.in/pages/shipping-and-refund-policy,1,1
https://www.bodilicious.in/pages/terms-and-conditions,1,1
https://www.bodilicious.in/products/azelaic-acid-serum-for-face,1,1
https://www.bodilicious.in/products/best-organic-herbal-hair-oil-for-hair-growth,1,1
https://www.bodilicious.in/products/bodilicious-niacinamide-serum,1,1
https://www.bodilicious.in/products/bodilicious-oats-protein-moisturizer,1,1
https://www.bodilicious.in/products/bodilicious-saf-gel,1,1
https://www.bodilicious.in/products/carrot-lip-balm,1,1
https://www.bodilicious.in/products/collagen-booster-retinol-night-repair-serum,1,1
https://www.bodilicious.in/products/hair-scalp-growth-promoter,1,1
https://www.bodilicious.in/products/hair-serum-for-women-hair-growth,1,1
https://www.bodilicious.in/products/keratin-conditioner,1,1
https://www.bodilicious.in/products/ketoconazole-antidandruff-shampoo,1,1
https://www.bodilicious.in/products/kojic-glycolic-infused-facewash,1,1
https://www.bodilicious.in/products/organic-olive-oil-soap,1,1
https://www.bodilicious.in/products/peptide-ceramide-collagen-complex-moisturizer,1,1
https://www.bodilicious.in/products/rose-face-and-body-wash,1,1
https://www.bodilicious.in/products/scalp-nourishing-baby-hair-growth-serum,1,1
https://www.bodilicious.in/products/skin-brightening-vitamin-c-serum,1,1
https://www.bodilicious.in/products/strawberry-face-and-body-wash,1,1